# Derived from Government of India publications; see data/SOURCES.md. Generated by ml_pipeline/supply/parse.py.
state,outturn_total,source
Andaman and Nicobar,1736,"AISHE 2021-22 Table 33 (Grand Total), parsed from the official PDF"
Andhra Pradesh,477861,"AISHE 2021-22 Table 33 (Grand Total), parsed from the official PDF"
Arunachal Pradesh,14560,"AISHE 2021-22 Table 33 (Grand Total), parsed from the official PDF"
Assam,122315,"AISHE 2021-22 Table 33 (Grand Total), parsed from the official PDF"
Bihar,410485,"AISHE 2021-22 Table 33 (Grand Total), parsed from the official PDF"
Chandigarh,28404,"AISHE 2021-22 Table 33 (Grand Total), parsed from the official PDF"
Chhattisgarh,240245,"AISHE 2021-22 Table 33 (Grand Total), parsed from the official PDF"
Delhi,614708,"AISHE 2021-22 Table 33 (Grand Total), parsed from the official PDF"
Goa,14356,"AISHE 2021-22 Table 33 (Grand Total), parsed from the official PDF"
Gujarat,413866,"AISHE 2021-22 Table 33 (Grand Total), parsed from the official PDF"
Haryana,224689,"AISHE 2021-22 Table 33 (Grand Total), parsed from the official PDF"
Himachal Pradesh,66658,"AISHE 2021-22 Table 33 (Grand Total), parsed from the official PDF"
Jammu and Kashmir,72735,"AISHE 2021-22 Table 33 (Grand Total), parsed from the official PDF"
Jharkhand,201517,"AISHE 2021-22 Table 33 (Grand Total), parsed from the official PDF"
Karnataka,641072,"AISHE 2021-22 Table 33 (Grand Total), parsed from the official PDF"
Kerala,244869,"AISHE 2021-22 Table 33 (Grand Total), parsed from the official PDF"
Ladakh,534,"AISHE 2021-22 Table 33 (Grand Total), parsed from the official PDF"
Lakshadweep,26,"AISHE 2021-22 Table 33 (Grand Total), parsed from the official PDF"
Madhya Pradesh,765365,"AISHE 2021-22 Table 33 (Grand Total), parsed from the official PDF"
Maharashtra,1201050,"AISHE 2021-22 Table 33 (Grand Total), parsed from the official PDF"
Manipur,23379,"AISHE 2021-22 Table 33 (Grand Total), parsed from the official PDF"
Meghalaya,21090,"AISHE 2021-22 Table 33 (Grand Total), parsed from the official PDF"
Mizoram,6326,"AISHE 2021-22 Table 33 (Grand Total), parsed from the official PDF"
Nagaland,13764,"AISHE 2021-22 Table 33 (Grand Total), parsed from the official PDF"
Odisha,243070,"AISHE 2021-22 Table 33 (Grand Total), parsed from the official PDF"
Puducherry,29602,"AISHE 2021-22 Table 33 (Grand Total), parsed from the official PDF"
Punjab,237990,"AISHE 2021-22 Table 33 (Grand Total), parsed from the official PDF"
Rajasthan,707179,"AISHE 2021-22 Table 33 (Grand Total), parsed from the official PDF"
Sikkim,9019,"AISHE 2021-22 Table 33 (Grand Total), parsed from the official PDF"
Tamil Nadu,982656,"AISHE 2021-22 Table 33 (Grand Total), parsed from the official PDF"
Telangana,356044,"AISHE 2021-22 Table 33 (Grand Total), parsed from the official PDF"
Dadra and Nagar Haveli and Daman and Diu,2639,"AISHE 2021-22 Table 33 (Grand Total), parsed from the official PDF"
Tripura,23239,"AISHE 2021-22 Table 33 (Grand Total), parsed from the official PDF"
Uttar Pradesh,1637026,"AISHE 2021-22 Table 33 (Grand Total), parsed from the official PDF"
Uttarakhand,124588,"AISHE 2021-22 Table 33 (Grand Total), parsed from the official PDF"
West Bengal,,unreadable in the source PDF (row fused with All India); add via aishe_overrides.csv
